"Country or Area","Year(s)","Variant","Value"
"United States of America","2100","Medium","433853.891"
"United States of America","2100","High","600212.11"
"United States of America","2100","Low","307295.369"
"United States of America","2100","Constant fertility","424705.374"
"United States of America","2100","Instant replacement","522117.658"
"United States of America","2100","Zero migration","301059.563"
"United States of America","2100","Constant mortality","389471.082"
"United States of America","2100","No change","380580.869"
"United States of America","2100","Momentum","340439.687"
"United States of America","2099","Medium","432882.959"
"United States of America","2099","High","595446.113"
"United States of America","2099","Low","308580.828"
"United States of America","2099","Constant fertility","423952.358"
"United States of America","2099","Instant replacement","519428.759"
"United States of America","2099","Zero migration","301910.821"
"United States of America","2099","Constant mortality","389103.118"
"United States of America","2099","No change","380414.645"
"United States of America","2099","Momentum","340401.274"
"United States of America","2098","Medium","431921.386"
"United States of America","2098","High","590709.133"
"United States of America","2098","Low","309876.52"
"United States of America","2098","Constant fertility","423207.394"
"United States of America","2098","Instant replacement","516745.054"
"United States of America","2098","Zero migration","302774.546"
"United States of America","2098","Constant mortality","388733.966"
"United States of America","2098","No change","380246.87"
"United States of America","2098","Momentum","340341.841"
"United States of America","2097","Medium","430967.919"
"United States of America","2097","High","586006.897"
"United States of America","2097","Low","311178.216"
"United States of America","2097","Constant fertility","422469.164"
"United States of America","2097","Instant replacement","514069.444"
"United States of America","2097","Zero migration","303649.862"
"United States of America","2097","Constant mortality","388365.489"
"United States of America","2097","No change","380079.271"
"United States of America","2097","Momentum","340268.862"
"United States of America","2096","Medium","430021.582"
"United States of America","2096","High","581344.614"
"United States of America","2096","Low","312482.196"
"United States of America","2096","Constant fertility","421736.559"
"United States of America","2096","Instant replacement","511404.58"
"United States of America","2096","Zero migration","304536.12"
"United States of America","2096","Constant mortality","387999.322"
"United States of America","2096","No change","379913.313"
"United States of America","2096","Momentum","340188.924"
"United States of America","2095","Medium","429081.658"
"United States of America","2095","High","576726.995"
"United States of America","2095","Low","313785.293"
"United States of America","2095","Constant fertility","421008.74"
"United States of America","2095","Instant replacement","508752.807"
"United States of America","2095","Zero migration","305432.845"
"United States of America","2095","Constant mortality","387636.801"
"United States of America","2095","No change","379750.184"
"United States of America","2095","Momentum","340107.678"
"United States of America","2094","Medium","428147.714"
"United States of America","2094","High","572158.274"
"United States of America","2094","Low","315084.889"
"United States of America","2094","Constant fertility","420285.093"
"United States of America","2094","Instant replacement","506116.24"
"United States of America","2094","Zero migration","306339.808"
"United States of America","2094","Constant mortality","387279.069"
"United States of America","2094","No change","379590.783"
"United States of America","2094","Momentum","340029.892"
"United States of America","2093","Medium","427219.557"
"United States of America","2093","High","567642.183"
"United States of America","2093","Low","316378.888"
"United States of America","2093","Constant fertility","419565.271"
"United States of America","2093","Instant replacement","503496.676"
"United States of America","2093","Zero migration","307256.972"
"United States of America","2093","Constant mortality","386926.99"
"United States of America","2093","No change","379435.792"
"United States of America","2093","Momentum","339959.387"
"United States of America","2092","Medium","426297.198"
"United States of America","2092","High","563181.911"
"United States of America","2092","Low","317665.658"
"United States of America","2092","Constant fertility","418849.091"
"United States of America","2092","Instant replacement","500895.666"
"United States of America","2092","Zero migration","308184.433"
"United States of America","2092","Constant mortality","386581.18"
"United States of America","2092","No change","379285.589"
"United States of America","2092","Momentum","339899.204"
"United States of America","2091","Medium","425380.718"
"United States of America","2091","High","558780.091"
"United States of America","2091","Low","318943.893"
"United States of America","2091","Constant fertility","418136.437"
"United States of America","2091","Instant replacement","498314.418"
"United States of America","2091","Zero migration","309122.297"
"United States of America","2091","Constant mortality","386242.008"
"United States of America","2091","No change","379140.309"
"United States of America","2091","Momentum","339851.637"
"United States of America","2090","Medium","424469.916"
"United States of America","2090","High","554438.672"
"United States of America","2090","Low","320212.176"
"United States of America","2090","Constant fertility","417426.915"
"United States of America","2090","Instant replacement","495753.817"
"United States of America","2090","Zero migration","310070.389"
"United States of America","2090","Constant mortality","385909.602"
"United States of America","2090","No change","378999.85"
"United States of America","2090","Momentum","339818.669"
"United States of America","2089","Medium","423563.93"
"United States of America","2089","High","550158.742"
"United States of America","2089","Low","321468.57"
"United States of America","2089","Constant fertility","416719.479"
"United States of America","2089","Instant replacement","493214.31"
"United States of America","2089","Zero migration","311027.827"
"United States of America","2089","Constant mortality","385583.833"
"United States of America","2089","No change","378863.866"
"United States of America","2089","Momentum","339802.368"
"United States of America","2088","Medium","422660.912"
"United States of America","2088","High","545940.438"
"United States of America","2088","Low","322710.258"
"United States of America","2088","Constant fertility","416012.147"
"United States of America","2088","Instant replacement","490695.887"
"United States of America","2088","Zero migration","311992.762"
"United States of America","2088","Constant mortality","385264.317"
"United States of America","2088","No change","378731.808"
"United States of America","2088","Momentum","339805.186"
"United States of America","2087","Medium","421757.887"
"United States of America","2087","High","541782.898"
"United States of America","2087","Low","323933.325"
"United States of America","2087","Constant fertility","415301.862"
"United States of America","2087","Instant replacement","488198.029"
"United States of America","2087","Zero migration","312962.223"
"United States of America","2087","Constant mortality","384950.409"
"United States of America","2087","No change","378602.926"
"United States of America","2087","Momentum","339830.187"
"United States of America","2086","Medium","420851.149"
"United States of America","2086","High","537684.377"
"United States of America","2086","Low","325133.267"
"United States of America","2086","Constant fertility","414584.835"
"United States of America","2086","Instant replacement","485719.799"
"United States of America","2086","Zero migration","313932.48"
"United States of America","2086","Constant mortality","384641.243"
"United States of America","2086","No change","378476.238"
"United States of America","2086","Momentum","339880.557"
"United States of America","2085","Medium","419937.44"
"United States of America","2085","High","533642.727"
"United States of America","2085","Low","326306.336"
"United States of America","2085","Constant fertility","413857.733"
"United States of America","2085","Instant replacement","483260.016"
"United States of America","2085","Zero migration","314900.212"
"United States of America","2085","Constant mortality","384335.677"
"United States of America","2085","No change","378350.495"
"United States of America","2085","Momentum","339958.379"
"United States of America","2084","Medium","419014.901"
"United States of America","2084","High","529656.287"
"United States of America","2084","Low","327450.42"
"United States of America","2084","Constant fertility","413118.714"
"United States of America","2084","Instant replacement","480817.756"
"United States of America","2084","Zero migration","315863.398"
"United States of America","2084","Constant mortality","384032.636"
"United States of America","2084","No change","378224.622"
"United States of America","2084","Momentum","340064.201"
"United States of America","2083","Medium","418082.081"
"United States of America","2083","High","525722.495"
"United States of America","2083","Low","328564.246"
"United States of America","2083","Constant fertility","412366.179"
"United States of America","2083","Instant replacement","478391.584"
"United States of America","2083","Zero migration","316820.318"
"United States of America","2083","Constant mortality","383730.568"
"United States of America","2083","No change","378096.889"
"United States of America","2083","Momentum","340197.106"
"United States of America","2082","Medium","417136.523"
"United States of America","2082","High","521836.765"
"United States of America","2082","Low","329646.029"
"United States of America","2082","Constant fertility","411597.215"
"United States of America","2082","Instant replacement","475978.909"
"United States of America","2082","Zero migration","317768.254"
"United States of America","2082","Constant mortality","383427.098"
"United States of America","2082","No change","377964.443"
"United States of America","2082","Momentum","340355.473"
"United States of America","2081","Medium","416175.706"
"United States of America","2081","High","517993.531"
"United States of America","2081","Low","330694.268"
"United States of America","2081","Constant fertility","410808.702"
"United States of America","2081","Instant replacement","473576.599"
"United States of America","2081","Zero migration","318704.324"
"United States of America","2081","Constant mortality","383119.415"
"United States of America","2081","No change","377823.862"
"United States of America","2081","Momentum","340536.805"
"United States of America","2080","Medium","415197.399"
"United States of America","2080","High","514187.449"
"United States of America","2080","Low","331707.777"
"United States of America","2080","Constant fertility","409998.044"
"United States of America","2080","Instant replacement","471181.676"
"United States of America","2080","Zero migration","319625.943"
"United States of America","2080","Constant mortality","382804.811"
"United States of America","2080","No change","377672.063"
"United States of America","2080","Momentum","340738.368"
"United States of America","2079","Medium","414200.417"
"United States of America","2079","High","510415.798"
"United States of America","2079","Low","332685.698"
"United States of America","2079","Constant fertility","409163.947"
"United States of America","2079","Instant replacement","468792.606"
"United States of America","2079","Zero migration","320531.447"
"United States of America","2079","Constant mortality","382481.833"
"United States of America","2079","No change","377507.442"
"United States of America","2079","Momentum","340958.6"
"United States of America","2078","Medium","413183.53"
"United States of America","2078","High","506674.942"
"United States of America","2078","Low","333627.551"
"United States of America","2078","Constant fertility","408305.442"
"United States of America","2078","Instant replacement","466407.5"
"United States of America","2078","Zero migration","321419.15"
"United States of America","2078","Constant mortality","382148.615"
"United States of America","2078","No change","377328.401"
"United States of America","2078","Momentum","341195.002"
"United States of America","2077","Medium","412144.637"
"United States of America","2077","High","502957.497"
"United States of America","2077","Low","334533.186"
"United States of America","2077","Constant fertility","407420.922"
"United States of America","2077","Instant replacement","464022.594"
"United States of America","2077","Zero migration","322286.599"
"United States of America","2077","Constant mortality","381801.639"
"United States of America","2077","No change","377131.873"
"United States of America","2077","Momentum","341442.478"
"United States of America","2076","Medium","411081.498"
"United States of America","2076","High","499254.905"
"United States of America","2076","Low","335402.822"
"United States of America","2076","Constant fertility","406508.848"
"United States of America","2076","Instant replacement","461633.588"
"United States of America","2076","Zero migration","323131.211"
"United States of America","2076","Constant mortality","381436.871"
"United States of America","2076","No change","376914.518"
"United States of America","2076","Momentum","341694.844"
"United States of America","2075","Medium","409992.632"
"United States of America","2075","High","495560.346"
"United States of America","2075","Low","336236.906"
"United States of America","2075","Constant fertility","405568.337"
"United States of America","2075","Instant replacement","459237.051"
"United States of America","2075","Zero migration","323951.007"
"United States of America","2075","Constant mortality","381051.078"
"United States of America","2075","No change","376673.641"
"United States of America","2075","Momentum","341946.636"
"United States of America","2074","Medium","408877.809"
"United States of America","2074","High","491871.489"
"United States of America","2074","Low","337035.628"
"United States of America","2074","Constant fertility","404599.243"
"United States of America","2074","Instant replacement","456831.609"
"United States of America","2074","Zero migration","324745.1"
"United States of America","2074","Constant mortality","380643.062"
"United States of America","2074","No change","376408.13"
"United States of America","2074","Momentum","342195.216"
"United States of America","2073","Medium","407737.648"
"United States of America","2073","High","488187.38"
"United States of America","2073","Low","337799.809"
"United States of America","2073","Constant fertility","403602.274"
"United States of America","2073","Instant replacement","454416.637"
"United States of America","2073","Zero migration","325513.275"
"United States of America","2073","Constant mortality","380212.23"
"United States of America","2073","No change","376117.483"
"United States of America","2073","Momentum","342438.12"
"United States of America","2072","Medium","406572.835"
"United States of America","2072","High","484504.769"
"United States of America","2072","Low","338531.417"
"United States of America","2072","Constant fertility","402578.766"
"United States of America","2072","Instant replacement","451990.565"
"United States of America","2072","Zero migration","326255.244"
"United States of America","2072","Constant mortality","379756.977"
"United States of America","2072","No change","375800.689"
"United States of America","2072","Momentum","342670.412"
"United States of America","2071","Medium","405384.568"
"United States of America","2071","High","480820.681"
"United States of America","2071","Low","339232.996"
"United States of America","2071","Constant fertility","401530.624"
"United States of America","2071","Instant replacement","449551.994"
"United States of America","2071","Zero migration","326971.071"
"United States of America","2071","Constant mortality","379275.823"
"United States of America","2071","No change","375456.999"
"United States of America","2071","Momentum","342886.708"
"United States of America","2070","Medium","404174.399"
"United States of America","2070","High","477133.886"
"United States of America","2070","Low","339906.825"
"United States of America","2070","Constant fertility","400459.924"
"United States of America","2070","Instant replacement","447100.301"
"United States of America","2070","Zero migration","327661.223"
"United States of America","2070","Constant mortality","378768.08"
"United States of America","2070","No change","375086.217"
"United States of America","2070","Momentum","343082.842"
"United States of America","2069","Medium","402943.276"
"United States of America","2069","High","473444.52"
"United States of America","2069","Low","340553.566"
"United States of America","2069","Constant fertility","399367.869"
"United States of America","2069","Instant replacement","444635.837"
"United States of America","2069","Zero migration","328325.811"
"United States of America","2069","Constant mortality","378233.693"
"United States of America","2069","No change","374688.537"
"United States of America","2069","Momentum","343257.321"
"United States of America","2068","Medium","401693.245"
"United States of America","2068","High","469755.592"
"United States of America","2068","Low","341174.122"
"United States of America","2068","Constant fertility","398256.364"
"United States of America","2068","Instant replacement","442159.843"
"United States of America","2068","Zero migration","328965.919"
"United States of America","2068","Constant mortality","377673.956"
"United States of America","2068","No change","374265.074"
"United States of America","2068","Momentum","343409.648"
"United States of America","2067","Medium","400428.621"
"United States of America","2067","High","466072.878"
"United States of America","2067","Low","341771.261"
"United States of America","2067","Constant fertility","397129.186"
"United States of America","2067","Instant replacement","439674.186"
"United States of America","2067","Zero migration","329584.331"
"United States of America","2067","Constant mortality","377091.51"
"United States of America","2067","No change","373817.954"
"United States of America","2067","Momentum","343538.382"
"United States of America","2066","Medium","399154.712"
"United States of America","2066","High","462404.236"
"United States of America","2066","Low","342348.233"
"United States of America","2066","Constant fertility","395990.842"
"United States of America","2066","Instant replacement","437181.357"
"United States of America","2066","Zero migration","330184.64"
"United States of America","2066","Constant mortality","376489.997"
"United States of America","2066","No change","373350.016"
"United States of America","2066","Momentum","343642.453"
"United States of America","2065","Medium","397876.093"
"United States of America","2065","High","458757.156"
"United States of America","2065","Low","342907.367"
"United States of America","2065","Constant fertility","394845.313"
"United States of America","2065","Instant replacement","434684.224"
"United States of America","2065","Zero migration","330769.959"
"United States of America","2065","Constant mortality","375872.845"
"United States of America","2065","No change","372864.089"
"United States of America","2065","Momentum","343721.941"
"United States of America","2064","Medium","396594.9"
"United States of America","2064","High","455135.223"
"United States of America","2064","Low","343449.471"
"United States of America","2064","Constant fertility","393694.506"
"United States of America","2064","Instant replacement","432184.946"
"United States of America","2064","Zero migration","331341.545"
"United States of America","2064","Constant mortality","375241.639"
"United States of America","2064","No change","372361.519"
"United States of America","2064","Momentum","343777.484"
"United States of America","2063","Medium","395312.812"
"United States of America","2063","High","451543.06"
"United States of America","2063","Low","343974.099"
"United States of America","2063","Constant fertility","392540.12"
"United States of America","2063","Instant replacement","429686.712"
"United States of America","2063","Zero migration","331900.352"
"United States of America","2063","Constant mortality","374598.366"
"United States of America","2063","No change","371844.316"
"United States of America","2063","Momentum","343811.755"
"United States of America","2062","Medium","394033.207"
"United States of America","2062","High","447990.695"
"United States of America","2062","Low","344480.501"
"United States of America","2062","Constant fertility","391385.452"
"United States of America","2062","Instant replacement","427194.9"
"United States of America","2062","Zero migration","332448.789"
"United States of America","2062","Constant mortality","373947.456"
"United States of America","2062","No change","371316.828"
"United States of America","2062","Momentum","343829.811"
"United States of America","2061","Medium","392759.632"
"United States of America","2061","High","444489.898"
"United States of America","2061","Low","344967.29"
"United States of America","2061","Constant fertility","390234.041"
"United States of America","2061","Instant replacement","424715.9"
"United States of America","2061","Zero migration","332989.43"
"United States of America","2061","Constant mortality","373294.078"
"United States of America","2061","No change","370784.168"
"United States of America","2061","Momentum","343838.31"
"United States of America","2060","Medium","391494.896"
"United States of America","2060","High","441050.463"
"United States of America","2060","Low","345433.034"
"United States of America","2060","Constant fertility","389088.599"
"United States of America","2060","Instant replacement","422255.508"
"United States of America","2060","Zero migration","333524.305"
"United States of America","2060","Constant mortality","372642.516"
"United States of America","2060","No change","370250.575"
"United States of America","2060","Momentum","343843.448"
"United States of America","2059","Medium","390240.014"
"United States of America","2059","High","437675.871"
"United States of America","2059","Low","345877.095"
"United States of America","2059","Constant fertility","387950.121"
"United States of America","2059","Instant replacement","419815.913"
"United States of America","2059","Zero migration","334053.947"
"United States of America","2059","Constant mortality","371994.262"
"United States of America","2059","No change","369717.487"
"United States of America","2059","Momentum","343847.246"
"United States of America","2058","Medium","388995.481"
"United States of America","2058","High","434368.822"
"United States of America","2058","Low","346298.476"
"United States of America","2058","Constant fertility","386818.886"
"United States of America","2058","Instant replacement","417400.144"
"United States of America","2058","Zero migration","334578.59"
"United States of America","2058","Constant mortality","371350.485"
"United States of America","2058","No change","369185.854"
"United States of America","2058","Momentum","343853.13"
"United States of America","2057","Medium","387762.561"
"United States of America","2057","High","431136.685"
"United States of America","2057","Low","346694.775"
"United States of America","2057","Constant fertility","385695.733"
"United States of America","2057","Instant replacement","415015.701"
"United States of America","2057","Zero migration","335099.282"
"United States of America","2057","Constant mortality","370714.537"
"United States of America","2057","No change","368658.61"
"United States of America","2057","Momentum","343870.449"
"United States of America","2056","Medium","386542.306"
"United States of America","2056","High","427987.302"
"United States of America","2056","Low","347063.044"
"United States of America","2056","Constant fertility","384581.203"
"United States of America","2056","Instant replacement","412671.296"
"United States of America","2056","Zero migration","335617.029"
"United States of America","2056","Constant mortality","370090.008"
"United States of America","2056","No change","368138.812"
"United States of America","2056","Momentum","343910.382"
"United States of America","2055","Medium","385334.861"
"United States of America","2055","High","424925.487"
"United States of America","2055","Low","347400.645"
"United States of America","2055","Constant fertility","383475.073"
"United States of America","2055","Instant replacement","410373.152"
"United States of America","2055","Zero migration","336132.028"
"United States of America","2055","Constant mortality","369479.097"
"United States of America","2055","No change","367628.301"
"United States of America","2055","Momentum","343981.287"
"United States of America","2054","Medium","384139.75"
"United States of America","2054","High","421952.266"
"United States of America","2054","Low","347706.172"
"United States of America","2054","Constant fertility","382376.72"
"United States of America","2054","Instant replacement","408122.761"
"United States of America","2054","Zero migration","336643.6"
"United States of America","2054","Constant mortality","368882.027"
"United States of America","2054","No change","367127.151"
"United States of America","2054","Momentum","344085.137"
"United States of America","2053","Medium","382954.886"
"United States of America","2053","High","419064.243"
"United States of America","2053","Low","347978.283"
"United States of America","2053","Constant fertility","381284.191"
"United States of America","2053","Instant replacement","405918.702"
"United States of America","2053","Zero migration","337149.878"
"United States of America","2053","Constant mortality","368297.07"
"United States of America","2053","No change","366633.754"
"United States of America","2053","Momentum","344221.095"
"United States of America","2052","Medium","381776.449"
"United States of America","2052","High","416255.339"
"United States of America","2052","Low","348214.578"
"United States of America","2052","Constant fertility","380193.971"
"United States of America","2052","Instant replacement","403760.031"
"United States of America","2052","Zero migration","337648.14"
"United States of America","2052","Constant mortality","367721.565"
"United States of America","2052","No change","366145.745"
"United States of America","2052","Momentum","344390.63"
"United States of America","2051","Medium","380599.427"
"United States of America","2051","High","413516.737"
"United States of America","2051","Low","348412.424"
"United States of America","2051","Constant fertility","379101.507"
"United States of America","2051","Instant replacement","401644.493"
"United States of America","2051","Zero migration","338134.84"
"United States of America","2051","Constant mortality","367151.604"
"United States of America","2051","No change","365659.697"
"United States of America","2051","Momentum","344594.316"
"United States of America","2050","Medium","379419.102"
"United States of America","2050","High","410839.574"
"United States of America","2050","Low","348569.67"
"United States of America","2050","Constant fertility","378002.468"
"United States of America","2050","Instant replacement","399568.78"
"United States of America","2050","Zero migration","338606.366"
"United States of America","2050","Constant mortality","366583.152"
"United States of America","2050","No change","365171.921"
"United States of America","2050","Momentum","344830.806"
"United States of America","2049","Medium","378232.675"
"United States of America","2049","High","408219.203"
"United States of America","2049","Low","348684.594"
"United States of America","2049","Constant fertility","376894.228"
"United States of America","2049","Instant replacement","397530.951"
"United States of America","2049","Zero migration","339060.082"
"United States of America","2049","Constant mortality","366013.587"
"United States of America","2049","No change","364679.987"
"United States of America","2049","Momentum","345098.506"
"United States of America","2048","Medium","377037.237"
"United States of America","2048","High","405649.225"
"United States of America","2048","Low","348756.364"
"United States of America","2048","Constant fertility","375773.916"
"United States of America","2048","Instant replacement","395526.316"
"United States of America","2048","Zero migration","339492.968"
"United States of America","2048","Constant mortality","365439.424"
"United States of America","2048","No change","364180.426"
"United States of America","2048","Momentum","345392.03"
"United States of America","2047","Medium","375827.634"
"United States of America","2047","High","403116.232"
"United States of America","2047","Low","348784.78"
"United States of America","2047","Constant fertility","374636.445"
"United States of America","2047","Instant replacement","393544.84"
"United States of America","2047","Zero migration","339900.25"
"United States of America","2047","Constant mortality","364854.287"
"United States of America","2047","No change","363666.958"
"United States of America","2047","Momentum","345700.718"
"United States of America","2046","Medium","374598.063"
"United States of America","2046","High","400604.27"
"United States of America","2046","Low","348770.184"
"United States of America","2046","Constant fertility","373476.081"
"United States of America","2046","Instant replacement","391573.928"
"United States of America","2046","Zero migration","340276.579"
"United States of America","2046","Constant mortality","364250.668"
"United States of America","2046","No change","363132.115"
"United States of America","2046","Momentum","346010.894"
"United States of America","2045","Medium","373343.348"
"United States of America","2045","High","398099.476"
"United States of America","2045","Low","348712.574"
"United States of America","2045","Constant fertility","372287.755"
"United States of America","2045","Instant replacement","389602.591"
"United States of America","2045","Zero migration","340616.891"
"United States of America","2045","Constant mortality","363621.705"
"United States of America","2045","No change","362569.149"
"United States of America","2045","Momentum","346310.16"
"United States of America","2044","Medium","372060.392"
"United States of America","2044","High","395594.184"
"United States of America","2044","Low","348611.579"
"United States of America","2044","Constant fertility","371068.415"
"United States of America","2044","Instant replacement","387625.357"
"United States of America","2044","Zero migration","340917.814"
"United States of America","2044","Constant mortality","362963.214"
"United States of America","2044","No change","361973.911"
"United States of America","2044","Momentum","346591.66"
"United States of America","2043","Medium","370746.303"
"United States of America","2043","High","393082.342"
"United States of America","2043","Low","348466.138"
"United States of America","2043","Constant fertility","369815.402"
"United States of America","2043","Instant replacement","385637.651"
"United States of America","2043","Zero migration","341175.846"
"United States of America","2043","Constant mortality","362271.195"
"United States of America","2043","No change","361342.664"
"United States of America","2043","Momentum","346848.968"
"United States of America","2042","Medium","369396.553"
"United States of America","2042","High","390553.928"
"United States of America","2042","Low","348274.888"
"United States of America","2042","Constant fertility","368524.67"
"United States of America","2042","Instant replacement","383630.48"
"United States of America","2042","Zero migration","341385.802"
"United States of America","2042","Constant mortality","361539.37"
"United States of America","2042","No change","360669.561"
"United States of America","2042","Momentum","347070.429"
"United States of America","2041","Medium","368006.423"
"United States of America","2041","High","387998.784"
"United States of America","2041","Low","348036.202"
"United States of America","2041","Constant fertility","367192.035"
"United States of America","2041","Instant replacement","381594.212"
"United States of America","2041","Zero migration","341542.063"
"United States of America","2041","Constant mortality","360761.018"
"United States of America","2041","No change","359948.432"
"United States of America","2041","Momentum","347243.218"
"United States of America","2040","Medium","366572.154"
"United States of America","2040","High","385408.594"
"United States of America","2040","Low","347748.91"
"United States of America","2040","Constant fertility","365814.15"
"United States of America","2040","Instant replacement","379520.993"
"United States of America","2040","Zero migration","341639.832"
"United States of America","2040","Constant mortality","359930.416"
"United States of America","2040","No change","359173.982"
"United States of America","2040","Momentum","347356.184"
"United States of America","2039","Medium","365093.533"
"United States of America","2039","High","382782.551"
"United States of America","2039","Low","347411.845"
"United States of America","2039","Constant fertility","364390.998"
"United States of America","2039","Instant replacement","377407.843"
"United States of America","2039","Zero migration","341677.611"
"United States of America","2039","Constant mortality","359044.41"
"United States of America","2039","No change","358343.234"
"United States of America","2039","Momentum","347401.958"
"United States of America","2038","Medium","363570.01"
"United States of America","2038","High","380118.473"
"United States of America","2038","Low","347025.06"
"United States of America","2038","Constant fertility","362921.977"
"United States of America","2038","Instant replacement","375252.534"
"United States of America","2038","Zero migration","341653.474"
"United States of America","2038","Constant mortality","358100.426"
"United States of America","2038","No change","357453.547"
"United States of America","2038","Momentum","347374.793"
"United States of America","2037","Medium","361997.623"
"United States of America","2037","High","377406.295"
"United States of America","2037","Low","346590.133"
"United States of America","2037","Constant fertility","361403.034"
"United States of America","2037","Instant replacement","373049.649"
"United States of America","2037","Zero migration","341562.213"
"United States of America","2037","Constant mortality","357094.422"
"United States of America","2037","No change","356500.816"
"United States of America","2037","Momentum","347267.51"
"United States of America","2036","Medium","360371.861"
"United States of America","2036","High","374634.357"
"United States of America","2036","Low","346109.447"
"United States of America","2036","Constant fertility","359829.468"
"United States of America","2036","Instant replacement","370793.742"
"United States of America","2036","Zero migration","341397.963"
"United States of America","2036","Constant mortality","356022.475"
"United States of America","2036","No change","355480.902"
"United States of America","2036","Momentum","347073.415"
"United States of America","2035","Medium","358690.999"
"United States of America","2035","High","371797.549"
"United States of America","2035","Low","345584.447"
"United States of America","2035","Constant fertility","358199.391"
"United States of America","2035","Instant replacement","368482.226"
"United States of America","2035","Zero migration","341157.301"
"United States of America","2035","Constant mortality","354881.956"
"United States of America","2035","No change","354391.027"
"United States of America","2035","Momentum","346786.936"
"United States of America","2034","Medium","356952.973"
"United States of America","2034","High","368892.152"
"United States of America","2034","Low","345014.041"
"United States of America","2034","Constant fertility","356510.651"
"United States of America","2034","Instant replacement","366111.789"
"United States of America","2034","Zero migration","340837.571"
"United States of America","2034","Constant mortality","353671.423"
"United States of America","2034","No change","353229.643"
"United States of America","2034","Momentum","346404.555"
"United States of America","2033","Medium","355162.916"
"United States of America","2033","High","365929.656"
"United States of America","2033","Low","344396.453"
"United States of America","2033","Constant fertility","354768.328"
"United States of America","2033","Instant replacement","363686.423"
"United States of America","2033","Zero migration","340441.668"
"United States of America","2033","Constant mortality","352391.59"
"United States of America","2033","No change","351997.433"
"United States of America","2033","Momentum","345923.504"
"United States of America","2032","Medium","353335.452"
"United States of America","2032","High","362939.564"
"United States of America","2032","Low","343731.404"
"United States of America","2032","Constant fertility","352986.975"
"United States of America","2032","Instant replacement","361220.347"
"United States of America","2032","Zero migration","339978.947"
"United States of America","2032","Constant mortality","351045.152"
"United States of America","2032","No change","350697.002"
"United States of America","2032","Momentum","345340.725"
"United States of America","2031","Medium","351490.184"
"United States of America","2031","High","359961.679"
"United States of America","2031","Low","343018.613"
"United States of America","2031","Constant fertility","351186.085"
"United States of America","2031","Instant replacement","358733.058"
"United States of America","2031","Zero migration","339462.458"
"United States of America","2031","Constant mortality","349636.297"
"United States of America","2031","No change","349332.441"
"United States of America","2031","Momentum","344653.703"
"United States of America","2030","Medium","349641.876"
"United States of America","2030","High","357026.94"
"United States of America","2030","Low","342256.813"
"United States of America","2030","Constant fertility","349380.296"
"United States of America","2030","Instant replacement","356239.28"
"United States of America","2030","Zero migration","338902.145"
"United States of America","2030","Constant mortality","348168.966"
"United States of America","2030","No change","347907.553"
"United States of America","2030","Momentum","343861.471"
"United States of America","2029","Medium","347795.038"
"United States of America","2029","High","354151.02"
"United States of America","2029","Low","341443.48"
"United States of America","2029","Constant fertility","347575.984"
"United States of America","2029","Instant replacement","353752.106"
"United States of America","2029","Zero migration","338302.495"
"United States of America","2029","Constant mortality","346646.24"
"United States of America","2029","No change","346425.218"
"United States of America","2029","Momentum","342959.503"
"United States of America","2028","Medium","345947.845"
"United States of America","2028","High","351336.596"
"United States of America","2028","Low","340574.923"
"United States of America","2028","Constant fertility","345772.462"
"United States of America","2028","Instant replacement","351271.569"
"United States of America","2028","Zero migration","337663.387"
"United States of America","2028","Constant mortality","345070.544"
"United States of America","2028","No change","344887.626"
"United States of America","2028","Momentum","341949.248"
"United States of America","2027","Medium","344100.706"
"United States of America","2027","High","348578.661"
"United States of America","2027","Low","339646.521"
"United States of America","2027","Constant fertility","343964.754"
"United States of America","2027","Instant replacement","348784.448"
"United States of America","2027","Zero migration","336981.983"
"United States of America","2027","Constant mortality","343444.181"
"United States of America","2027","No change","343296.776"
"United States of America","2027","Momentum","340843.182"
"United States of America","2026","Medium","342251.981"
"United States of America","2026","High","345870.653"
"United States of America","2026","Low","338653.078"
"United States of America","2026","Constant fertility","342146.747"
"United States of America","2026","Instant replacement","346270.12"
"United States of America","2026","Zero migration","336254.916"
"United States of America","2026","Constant mortality","341769.831"
"United States of America","2026","No change","341655.042"
"United States of America","2026","Momentum","339658.562"
"United States of America","2025","Medium","340399.601"
"United States of America","2025","High","343210.142"
"United States of America","2025","Low","337589.061"
"United States of America","2025","Constant fertility","340314.163"
"United States of America","2025","Instant replacement","343718.34"
"United States of America","2025","Zero migration","335480.369"
"United States of America","2025","Constant mortality","340051.165"
"United States of America","2025","No change","339965.74"
"United States of America","2025","Momentum","338406.886"
"United States of America","2024","Medium","338542.561"
"United States of America","2024","High","340600.756"
"United States of America","2024","Low","336448.696"
"United States of America","2024","Constant fertility","338465.53"
"United States of America","2024","Instant replacement","341114.024"
"United States of America","2024","Zero migration","334658.741"
"United States of America","2024","Constant mortality","338292.912"
"United States of America","2024","No change","338233.266"
"United States of America","2024","Momentum","337095.59"
"United States of America","2023","Medium","336679.228"
"United States of America","2023","High","338053.324"
"United States of America","2023","Low","335226.061"
"United States of America","2023","Constant fertility","336602.799"
"United States of America","2023","Instant replacement","338474.495"
"United States of America","2023","Zero migration","333793.055"
"United States of America","2023","Constant mortality","336501.083"
"United States of America","2023","No change","336463.24"
"United States of America","2023","Momentum","335719.01"
"United States of America","2022","Medium","334805.269"
"United States of America","2022","High","335586.232"
"United States of America","2022","Low","333915.054"
"United States of America","2022","Constant fertility","334731.531"
"United States of America","2022","Instant replacement","335859.957"
"United States of America","2022","Zero migration","332889.09"
"United States of America","2022","Constant mortality","334682.912"
"United States of America","2022","No change","334662.551"
"United States of America","2022","Momentum","334259.815"
"United States of America","2021","Medium","332915.073"
"United States of America","2021","High","333225.081"
"United States of America","2021","Low","332509.393"
"United States of America","2021","Constant fertility","332860.685"
"United States of America","2021","Instant replacement","333351.625"
"United States of America","2021","Zero migration","331955.273"
"United States of America","2021","Constant mortality","332846.87"
"United States of America","2021","No change","332839.252"
"United States of America","2021","Momentum","332693.257"
"United States of America","2020","Medium","331002.651"
"United States of America","2020","High","331002.651"
"United States of America","2020","Low","331002.651"
"United States of America","2020","Constant fertility","331002.651"
"United States of America","2020","Instant replacement","331002.651"
"United States of America","2020","Zero migration","331002.651"
"United States of America","2020","Constant mortality","331002.651"
"United States of America","2020","No change","331002.651"
"United States of America","2020","Momentum","331002.651"
"United States of America","2019","Medium","329064.917"
"United States of America","2019","High","329064.917"
"United States of America","2019","Low","329064.917"
"United States of America","2019","Constant fertility","329064.917"
"United States of America","2019","Instant replacement","329064.917"
"United States of America","2019","Zero migration","329064.917"
"United States of America","2019","Constant mortality","329064.917"
"United States of America","2019","No change","329064.917"
"United States of America","2019","Momentum","329064.917"
"United States of America","2018","Medium","327096.265"
"United States of America","2018","High","327096.265"
"United States of America","2018","Low","327096.265"
"United States of America","2018","Constant fertility","327096.265"
"United States of America","2018","Instant replacement","327096.265"
"United States of America","2018","Zero migration","327096.265"
"United States of America","2018","Constant mortality","327096.265"
"United States of America","2018","No change","327096.265"
"United States of America","2018","Momentum","327096.265"
"United States of America","2017","Medium","325084.756"
"United States of America","2017","High","325084.756"
"United States of America","2017","Low","325084.756"
"United States of America","2017","Constant fertility","325084.756"
"United States of America","2017","Instant replacement","325084.756"
"United States of America","2017","Zero migration","325084.756"
"United States of America","2017","Constant mortality","325084.756"
"United States of America","2017","No change","325084.756"
"United States of America","2017","Momentum","325084.756"
"United States of America","2016","Medium","323015.995"
"United States of America","2016","High","323015.995"
"United States of America","2016","Low","323015.995"
"United States of America","2016","Constant fertility","323015.995"
"United States of America","2016","Instant replacement","323015.995"
"United States of America","2016","Zero migration","323015.995"
"United States of America","2016","Constant mortality","323015.995"
"United States of America","2016","No change","323015.995"
"United States of America","2016","Momentum","323015.995"
"United States of America","2015","Medium","320878.31"
"United States of America","2015","High","320878.31"
"United States of America","2015","Low","320878.31"
"United States of America","2015","Constant fertility","320878.31"
"United States of America","2015","Instant replacement","320878.31"
"United States of America","2015","Zero migration","320878.31"
"United States of America","2015","Constant mortality","320878.31"
"United States of America","2015","No change","320878.31"
"United States of America","2015","Momentum","320878.31"
"United States of America","2014","Medium","318673.411"
"United States of America","2014","High","318673.411"
"United States of America","2014","Low","318673.411"
"United States of America","2014","Constant fertility","318673.411"
"United States of America","2014","Instant replacement","318673.411"
"United States of America","2014","Zero migration","318673.411"
"United States of America","2014","Constant mortality","318673.411"
"United States of America","2014","No change","318673.411"
"United States of America","2014","Momentum","318673.411"
"United States of America","2013","Medium","316400.538"
"United States of America","2013","High","316400.538"
"United States of America","2013","Low","316400.538"
"United States of America","2013","Constant fertility","316400.538"
"United States of America","2013","Instant replacement","316400.538"
"United States of America","2013","Zero migration","316400.538"
"United States of America","2013","Constant mortality","316400.538"
"United States of America","2013","No change","316400.538"
"United States of America","2013","Momentum","316400.538"
"United States of America","2012","Medium","314043.885"
"United States of America","2012","High","314043.885"
"United States of America","2012","Low","314043.885"
"United States of America","2012","Constant fertility","314043.885"
"United States of America","2012","Instant replacement","314043.885"
"United States of America","2012","Zero migration","314043.885"
"United States of America","2012","Constant mortality","314043.885"
"United States of America","2012","No change","314043.885"
"United States of America","2012","Momentum","314043.885"
"United States of America","2011","Medium","311584.047"
"United States of America","2011","High","311584.047"
"United States of America","2011","Low","311584.047"
"United States of America","2011","Constant fertility","311584.047"
"United States of America","2011","Instant replacement","311584.047"
"United States of America","2011","Zero migration","311584.047"
"United States of America","2011","Constant mortality","311584.047"
"United States of America","2011","No change","311584.047"
"United States of America","2011","Momentum","311584.047"
"United States of America","2010","Medium","309011.475"
"United States of America","2010","High","309011.475"
"United States of America","2010","Low","309011.475"
"United States of America","2010","Constant fertility","309011.475"
"United States of America","2010","Instant replacement","309011.475"
"United States of America","2010","Zero migration","309011.475"
"United States of America","2010","Constant mortality","309011.475"
"United States of America","2010","No change","309011.475"
"United States of America","2010","Momentum","309011.475"
"United States of America","2009","Medium","306307.567"
"United States of America","2009","High","306307.567"
"United States of America","2009","Low","306307.567"
"United States of America","2009","Constant fertility","306307.567"
"United States of America","2009","Instant replacement","306307.567"
"United States of America","2009","Zero migration","306307.567"
"United States of America","2009","Constant mortality","306307.567"
"United States of America","2009","No change","306307.567"
"United States of America","2009","Momentum","306307.567"
"United States of America","2008","Medium","303486.012"
"United States of America","2008","High","303486.012"
"United States of America","2008","Low","303486.012"
"United States of America","2008","Constant fertility","303486.012"
"United States of America","2008","Instant replacement","303486.012"
"United States of America","2008","Zero migration","303486.012"
"United States of America","2008","Constant mortality","303486.012"
"United States of America","2008","No change","303486.012"
"United States of America","2008","Momentum","303486.012"
"United States of America","2007","Medium","300608.429"
"United States of America","2007","High","300608.429"
"United States of America","2007","Low","300608.429"
"United States of America","2007","Constant fertility","300608.429"
"United States of America","2007","Instant replacement","300608.429"
"United States of America","2007","Zero migration","300608.429"
"United States of America","2007","Constant mortality","300608.429"
"United States of America","2007","No change","300608.429"
"United States of America","2007","Momentum","300608.429"
"United States of America","2006","Medium","297758.969"
"United States of America","2006","High","297758.969"
"United States of America","2006","Low","297758.969"
"United States of America","2006","Constant fertility","297758.969"
"United States of America","2006","Instant replacement","297758.969"
"United States of America","2006","Zero migration","297758.969"
"United States of America","2006","Constant mortality","297758.969"
"United States of America","2006","No change","297758.969"
"United States of America","2006","Momentum","297758.969"
"United States of America","2005","Medium","294993.511"
"United States of America","2005","High","294993.511"
"United States of America","2005","Low","294993.511"
"United States of America","2005","Constant fertility","294993.511"
"United States of America","2005","Instant replacement","294993.511"
"United States of America","2005","Zero migration","294993.511"
"United States of America","2005","Constant mortality","294993.511"
"United States of America","2005","No change","294993.511"
"United States of America","2005","Momentum","294993.511"
"United States of America","2004","Medium","292354.658"
"United States of America","2004","High","292354.658"
"United States of America","2004","Low","292354.658"
"United States of America","2004","Constant fertility","292354.658"
"United States of America","2004","Instant replacement","292354.658"
"United States of America","2004","Zero migration","292354.658"
"United States of America","2004","Constant mortality","292354.658"
"United States of America","2004","No change","292354.658"
"United States of America","2004","Momentum","292354.658"
"United States of America","2003","Medium","289815.562"
"United States of America","2003","High","289815.562"
"United States of America","2003","Low","289815.562"
"United States of America","2003","Constant fertility","289815.562"
"United States of America","2003","Instant replacement","289815.562"
"United States of America","2003","Zero migration","289815.562"
"United States of America","2003","Constant mortality","289815.562"
"United States of America","2003","No change","289815.562"
"United States of America","2003","Momentum","289815.562"
"United States of America","2002","Medium","287279.318"
"United States of America","2002","High","287279.318"
"United States of America","2002","Low","287279.318"
"United States of America","2002","Constant fertility","287279.318"
"United States of America","2002","Instant replacement","287279.318"
"United States of America","2002","Zero migration","287279.318"
"United States of America","2002","Constant mortality","287279.318"
"United States of America","2002","No change","287279.318"
"United States of America","2002","Momentum","287279.318"
"United States of America","2001","Medium","284607.993"
"United States of America","2001","High","284607.993"
"United States of America","2001","Low","284607.993"
"United States of America","2001","Constant fertility","284607.993"
"United States of America","2001","Instant replacement","284607.993"
"United States of America","2001","Zero migration","284607.993"
"United States of America","2001","Constant mortality","284607.993"
"United States of America","2001","No change","284607.993"
"United States of America","2001","Momentum","284607.993"
"United States of America","2000","Medium","281710.909"
"United States of America","2000","High","281710.909"
"United States of America","2000","Low","281710.909"
"United States of America","2000","Constant fertility","281710.909"
"United States of America","2000","Instant replacement","281710.909"
"United States of America","2000","Zero migration","281710.909"
"United States of America","2000","Constant mortality","281710.909"
"United States of America","2000","No change","281710.909"
"United States of America","2000","Momentum","281710.909"
"United States of America","1999","Medium","278548.15"
"United States of America","1999","High","278548.15"
"United States of America","1999","Low","278548.15"
"United States of America","1999","Constant fertility","278548.15"
"United States of America","1999","Instant replacement","278548.15"
"United States of America","1999","Zero migration","278548.15"
"United States of America","1999","Constant mortality","278548.15"
"United States of America","1999","No change","278548.15"
"United States of America","1999","Momentum","278548.15"
"United States of America","1998","Medium","275175.301"
"United States of America","1998","High","275175.301"
"United States of America","1998","Low","275175.301"
"United States of America","1998","Constant fertility","275175.301"
"United States of America","1998","Instant replacement","275175.301"
"United States of America","1998","Zero migration","275175.301"
"United States of America","1998","Constant mortality","275175.301"
"United States of America","1998","No change","275175.301"
"United States of America","1998","Momentum","275175.301"
"United States of America","1997","Medium","271713.635"
"United States of America","1997","High","271713.635"
"United States of America","1997","Low","271713.635"
"United States of America","1997","Constant fertility","271713.635"
"United States of America","1997","Instant replacement","271713.635"
"United States of America","1997","Zero migration","271713.635"
"United States of America","1997","Constant mortality","271713.635"
"United States of America","1997","No change","271713.635"
"United States of America","1997","Momentum","271713.635"
"United States of America","1996","Medium","268335.003"
"United States of America","1996","High","268335.003"
"United States of America","1996","Low","268335.003"
"United States of America","1996","Constant fertility","268335.003"
"United States of America","1996","Instant replacement","268335.003"
"United States of America","1996","Zero migration","268335.003"
"United States of America","1996","Constant mortality","268335.003"
"United States of America","1996","No change","268335.003"
"United States of America","1996","Momentum","268335.003"
"United States of America","1995","Medium","265163.745"
"United States of America","1995","High","265163.745"
"United States of America","1995","Low","265163.745"
"United States of America","1995","Constant fertility","265163.745"
"United States of America","1995","Instant replacement","265163.745"
"United States of America","1995","Zero migration","265163.745"
"United States of America","1995","Constant mortality","265163.745"
"United States of America","1995","No change","265163.745"
"United States of America","1995","Momentum","265163.745"
"United States of America","1994","Medium","262241.196"
"United States of America","1994","High","262241.196"
"United States of America","1994","Low","262241.196"
"United States of America","1994","Constant fertility","262241.196"
"United States of America","1994","Instant replacement","262241.196"
"United States of America","1994","Zero migration","262241.196"
"United States of America","1994","Constant mortality","262241.196"
"United States of America","1994","No change","262241.196"
"United States of America","1994","Momentum","262241.196"
"United States of America","1993","Medium","259532.129"
"United States of America","1993","High","259532.129"
"United States of America","1993","Low","259532.129"
"United States of America","1993","Constant fertility","259532.129"
"United States of America","1993","Instant replacement","259532.129"
"United States of America","1993","Zero migration","259532.129"
"United States of America","1993","Constant mortality","259532.129"
"United States of America","1993","No change","259532.129"
"United States of America","1993","Momentum","259532.129"
"United States of America","1992","Medium","256990.613"
"United States of America","1992","High","256990.613"
"United States of America","1992","Low","256990.613"
"United States of America","1992","Constant fertility","256990.613"
"United States of America","1992","Instant replacement","256990.613"
"United States of America","1992","Zero migration","256990.613"
"United States of America","1992","Constant mortality","256990.613"
"United States of America","1992","No change","256990.613"
"United States of America","1992","Momentum","256990.613"
"United States of America","1991","Medium","254539.37"
"United States of America","1991","High","254539.37"
"United States of America","1991","Low","254539.37"
"United States of America","1991","Constant fertility","254539.37"
"United States of America","1991","Instant replacement","254539.37"
"United States of America","1991","Zero migration","254539.37"
"United States of America","1991","Constant mortality","254539.37"
"United States of America","1991","No change","254539.37"
"United States of America","1991","Momentum","254539.37"
"United States of America","1990","Medium","252120.309"
"United States of America","1990","High","252120.309"
"United States of America","1990","Low","252120.309"
"United States of America","1990","Constant fertility","252120.309"
"United States of America","1990","Instant replacement","252120.309"
"United States of America","1990","Zero migration","252120.309"
"United States of America","1990","Constant mortality","252120.309"
"United States of America","1990","No change","252120.309"
"United States of America","1990","Momentum","252120.309"
"United States of America","1989","Medium","249725.805"
"United States of America","1989","High","249725.805"
"United States of America","1989","Low","249725.805"
"United States of America","1989","Constant fertility","249725.805"
"United States of America","1989","Instant replacement","249725.805"
"United States of America","1989","Zero migration","249725.805"
"United States of America","1989","Constant mortality","249725.805"
"United States of America","1989","No change","249725.805"
"United States of America","1989","Momentum","249725.805"
"United States of America","1988","Medium","247372.264"
"United States of America","1988","High","247372.264"
"United States of America","1988","Low","247372.264"
"United States of America","1988","Constant fertility","247372.264"
"United States of America","1988","Instant replacement","247372.264"
"United States of America","1988","Zero migration","247372.264"
"United States of America","1988","Constant mortality","247372.264"
"United States of America","1988","No change","247372.264"
"United States of America","1988","Momentum","247372.264"
"United States of America","1987","Medium","245052.789"
"United States of America","1987","High","245052.789"
"United States of America","1987","Low","245052.789"
"United States of America","1987","Constant fertility","245052.789"
"United States of America","1987","Instant replacement","245052.789"
"United States of America","1987","Zero migration","245052.789"
"United States of America","1987","Constant mortality","245052.789"
"United States of America","1987","No change","245052.789"
"United States of America","1987","Momentum","245052.789"
"United States of America","1986","Medium","242763.148"
"United States of America","1986","High","242763.148"
"United States of America","1986","Low","242763.148"
"United States of America","1986","Constant fertility","242763.148"
"United States of America","1986","Instant replacement","242763.148"
"United States of America","1986","Zero migration","242763.148"
"United States of America","1986","Constant mortality","242763.148"
"United States of America","1986","No change","242763.148"
"United States of America","1986","Momentum","242763.148"
"United States of America","1985","Medium","240499.825"
"United States of America","1985","High","240499.825"
"United States of America","1985","Low","240499.825"
"United States of America","1985","Constant fertility","240499.825"
"United States of America","1985","Instant replacement","240499.825"
"United States of America","1985","Zero migration","240499.825"
"United States of America","1985","Constant mortality","240499.825"
"United States of America","1985","No change","240499.825"
"United States of America","1985","Momentum","240499.825"
"United States of America","1984","Medium","238256.844"
"United States of America","1984","High","238256.844"
"United States of America","1984","Low","238256.844"
"United States of America","1984","Constant fertility","238256.844"
"United States of America","1984","Instant replacement","238256.844"
"United States of America","1984","Zero migration","238256.844"
"United States of America","1984","Constant mortality","238256.844"
"United States of America","1984","No change","238256.844"
"United States of America","1984","Momentum","238256.844"
"United States of America","1983","Medium","236030.238"
"United States of America","1983","High","236030.238"
"United States of America","1983","Low","236030.238"
"United States of America","1983","Constant fertility","236030.238"
"United States of America","1983","Instant replacement","236030.238"
"United States of America","1983","Zero migration","236030.238"
"United States of America","1983","Constant mortality","236030.238"
"United States of America","1983","No change","236030.238"
"United States of America","1983","Momentum","236030.238"
"United States of America","1982","Medium","233821.844"
"United States of America","1982","High","233821.844"
"United States of America","1982","Low","233821.844"
"United States of America","1982","Constant fertility","233821.844"
"United States of America","1982","Instant replacement","233821.844"
"United States of America","1982","Zero migration","233821.844"
"United States of America","1982","Constant mortality","233821.844"
"United States of America","1982","No change","233821.844"
"United States of America","1982","Momentum","233821.844"
"United States of America","1981","Medium","231636.058"
"United States of America","1981","High","231636.058"
"United States of America","1981","Low","231636.058"
"United States of America","1981","Constant fertility","231636.058"
"United States of America","1981","Instant replacement","231636.058"
"United States of America","1981","Zero migration","231636.058"
"United States of America","1981","Constant mortality","231636.058"
"United States of America","1981","No change","231636.058"
"United States of America","1981","Momentum","231636.058"
"United States of America","1980","Medium","229476.354"
"United States of America","1980","High","229476.354"
"United States of America","1980","Low","229476.354"
"United States of America","1980","Constant fertility","229476.354"
"United States of America","1980","Instant replacement","229476.354"
"United States of America","1980","Zero migration","229476.354"
"United States of America","1980","Constant mortality","229476.354"
"United States of America","1980","No change","229476.354"
"United States of America","1980","Momentum","229476.354"
"United States of America","1979","Medium","227339.318"
"United States of America","1979","High","227339.318"
"United States of America","1979","Low","227339.318"
"United States of America","1979","Constant fertility","227339.318"
"United States of America","1979","Instant replacement","227339.318"
"United States of America","1979","Zero migration","227339.318"
"United States of America","1979","Constant mortality","227339.318"
"United States of America","1979","No change","227339.318"
"United States of America","1979","Momentum","227339.318"
"United States of America","1978","Medium","225223.303"
"United States of America","1978","High","225223.303"
"United States of America","1978","Low","225223.303"
"United States of America","1978","Constant fertility","225223.303"
"United States of America","1978","Instant replacement","225223.303"
"United States of America","1978","Zero migration","225223.303"
"United States of America","1978","Constant mortality","225223.303"
"United States of America","1978","No change","225223.303"
"United States of America","1978","Momentum","225223.303"
"United States of America","1977","Medium","223135.663"
"United States of America","1977","High","223135.663"
"United States of America","1977","Low","223135.663"
"United States of America","1977","Constant fertility","223135.663"
"United States of America","1977","Instant replacement","223135.663"
"United States of America","1977","Zero migration","223135.663"
"United States of America","1977","Constant mortality","223135.663"
"United States of America","1977","No change","223135.663"
"United States of America","1977","Momentum","223135.663"
"United States of America","1976","Medium","221086.429"
"United States of America","1976","High","221086.429"
"United States of America","1976","Low","221086.429"
"United States of America","1976","Constant fertility","221086.429"
"United States of America","1976","Instant replacement","221086.429"
"United States of America","1976","Zero migration","221086.429"
"United States of America","1976","Constant mortality","221086.429"
"United States of America","1976","No change","221086.429"
"United States of America","1976","Momentum","221086.429"
"United States of America","1975","Medium","219081.251"
"United States of America","1975","High","219081.251"
"United States of America","1975","Low","219081.251"
"United States of America","1975","Constant fertility","219081.251"
"United States of America","1975","Instant replacement","219081.251"
"United States of America","1975","Zero migration","219081.251"
"United States of America","1975","Constant mortality","219081.251"
"United States of America","1975","No change","219081.251"
"United States of America","1975","Momentum","219081.251"
"United States of America","1974","Medium","217114.909"
"United States of America","1974","High","217114.909"
"United States of America","1974","Low","217114.909"
"United States of America","1974","Constant fertility","217114.909"
"United States of America","1974","Instant replacement","217114.909"
"United States of America","1974","Zero migration","217114.909"
"United States of America","1974","Constant mortality","217114.909"
"United States of America","1974","No change","217114.909"
"United States of America","1974","Momentum","217114.909"
"United States of America","1973","Medium","215178.797"
"United States of America","1973","High","215178.797"
"United States of America","1973","Low","215178.797"
"United States of America","1973","Constant fertility","215178.797"
"United States of America","1973","Instant replacement","215178.797"
"United States of America","1973","Zero migration","215178.797"
"United States of America","1973","Constant mortality","215178.797"
"United States of America","1973","No change","215178.797"
"United States of America","1973","Momentum","215178.797"
"United States of America","1972","Medium","213269.802"
"United States of America","1972","High","213269.802"
"United States of America","1972","Low","213269.802"
"United States of America","1972","Constant fertility","213269.802"
"United States of America","1972","Instant replacement","213269.802"
"United States of America","1972","Zero migration","213269.802"
"United States of America","1972","Constant mortality","213269.802"
"United States of America","1972","No change","213269.802"
"United States of America","1972","Momentum","213269.802"
"United States of America","1971","Medium","211384.068"
"United States of America","1971","High","211384.068"
"United States of America","1971","Low","211384.068"
"United States of America","1971","Constant fertility","211384.068"
"United States of America","1971","Instant replacement","211384.068"
"United States of America","1971","Zero migration","211384.068"
"United States of America","1971","Constant mortality","211384.068"
"United States of America","1971","No change","211384.068"
"United States of America","1971","Momentum","211384.068"
"United States of America","1970","Medium","209513.341"
"United States of America","1970","High","209513.341"
"United States of America","1970","Low","209513.341"
"United States of America","1970","Constant fertility","209513.341"
"United States of America","1970","Instant replacement","209513.341"
"United States of America","1970","Zero migration","209513.341"
"United States of America","1970","Constant mortality","209513.341"
"United States of America","1970","No change","209513.341"
"United States of America","1970","Momentum","209513.341"
"United States of America","1969","Medium","207659.263"
"United States of America","1969","High","207659.263"
"United States of America","1969","Low","207659.263"
"United States of America","1969","Constant fertility","207659.263"
"United States of America","1969","Instant replacement","207659.263"
"United States of America","1969","Zero migration","207659.263"
"United States of America","1969","Constant mortality","207659.263"
"United States of America","1969","No change","207659.263"
"United States of America","1969","Momentum","207659.263"
"United States of America","1968","Medium","205805.754"
"United States of America","1968","High","205805.754"
"United States of America","1968","Low","205805.754"
"United States of America","1968","Constant fertility","205805.754"
"United States of America","1968","Instant replacement","205805.754"
"United States of America","1968","Zero migration","205805.754"
"United States of America","1968","Constant mortality","205805.754"
"United States of America","1968","No change","205805.754"
"United States of America","1968","Momentum","205805.754"
"United States of America","1967","Medium","203905.08"
"United States of America","1967","High","203905.08"
"United States of America","1967","Low","203905.08"
"United States of America","1967","Constant fertility","203905.08"
"United States of America","1967","Instant replacement","203905.08"
"United States of America","1967","Zero migration","203905.08"
"United States of America","1967","Constant mortality","203905.08"
"United States of America","1967","No change","203905.08"
"United States of America","1967","Momentum","203905.08"
"United States of America","1966","Medium","201895.76"
"United States of America","1966","High","201895.76"
"United States of America","1966","Low","201895.76"
"United States of America","1966","Constant fertility","201895.76"
"United States of America","1966","Instant replacement","201895.76"
"United States of America","1966","Zero migration","201895.76"
"United States of America","1966","Constant mortality","201895.76"
"United States of America","1966","No change","201895.76"
"United States of America","1966","Momentum","201895.76"
"United States of America","1965","Medium","199733.676"
"United States of America","1965","High","199733.676"
"United States of America","1965","Low","199733.676"
"United States of America","1965","Constant fertility","199733.676"
"United States of America","1965","Instant replacement","199733.676"
"United States of America","1965","Zero migration","199733.676"
"United States of America","1965","Constant mortality","199733.676"
"United States of America","1965","No change","199733.676"
"United States of America","1965","Momentum","199733.676"
"United States of America","1964","Medium","197408.505"
"United States of America","1964","High","197408.505"
"United States of America","1964","Low","197408.505"
"United States of America","1964","Constant fertility","197408.505"
"United States of America","1964","Instant replacement","197408.505"
"United States of America","1964","Zero migration","197408.505"
"United States of America","1964","Constant mortality","197408.505"
"United States of America","1964","No change","197408.505"
"United States of America","1964","Momentum","197408.505"
"United States of America","1963","Medium","194932.403"
"United States of America","1963","High","194932.403"
"United States of America","1963","Low","194932.403"
"United States of America","1963","Constant fertility","194932.403"
"United States of America","1963","Instant replacement","194932.403"
"United States of America","1963","Zero migration","194932.403"
"United States of America","1963","Constant mortality","194932.403"
"United States of America","1963","No change","194932.403"
"United States of America","1963","Momentum","194932.403"
"United States of America","1962","Medium","192313.746"
"United States of America","1962","High","192313.746"
"United States of America","1962","Low","192313.746"
"United States of America","1962","Constant fertility","192313.746"
"United States of America","1962","Instant replacement","192313.746"
"United States of America","1962","Zero migration","192313.746"
"United States of America","1962","Constant mortality","192313.746"
"United States of America","1962","No change","192313.746"
"United States of America","1962","Momentum","192313.746"
"United States of America","1961","Medium","189569.843"
"United States of America","1961","High","189569.843"
"United States of America","1961","Low","189569.843"
"United States of America","1961","Constant fertility","189569.843"
"United States of America","1961","Instant replacement","189569.843"
"United States of America","1961","Zero migration","189569.843"
"United States of America","1961","Constant mortality","189569.843"
"United States of America","1961","No change","189569.843"
"United States of America","1961","Momentum","189569.843"
"United States of America","1960","Medium","186720.571"
"United States of America","1960","High","186720.571"
"United States of America","1960","Low","186720.571"
"United States of America","1960","Constant fertility","186720.571"
"United States of America","1960","Instant replacement","186720.571"
"United States of America","1960","Zero migration","186720.571"
"United States of America","1960","Constant mortality","186720.571"
"United States of America","1960","No change","186720.571"
"United States of America","1960","Momentum","186720.571"
"United States of America","1959","Medium","183786.252"
"United States of America","1959","High","183786.252"
"United States of America","1959","Low","183786.252"
"United States of America","1959","Constant fertility","183786.252"
"United States of America","1959","Instant replacement","183786.252"
"United States of America","1959","Zero migration","183786.252"
"United States of America","1959","Constant mortality","183786.252"
"United States of America","1959","No change","183786.252"
"United States of America","1959","Momentum","183786.252"
"United States of America","1958","Medium","180788.392"
"United States of America","1958","High","180788.392"
"United States of America","1958","Low","180788.392"
"United States of America","1958","Constant fertility","180788.392"
"United States of America","1958","Instant replacement","180788.392"
"United States of America","1958","Zero migration","180788.392"
"United States of America","1958","Constant mortality","180788.392"
"United States of America","1958","No change","180788.392"
"United States of America","1958","Momentum","180788.392"
"United States of America","1957","Medium","177751.483"
"United States of America","1957","High","177751.483"
"United States of America","1957","Low","177751.483"
"United States of America","1957","Constant fertility","177751.483"
"United States of America","1957","Instant replacement","177751.483"
"United States of America","1957","Zero migration","177751.483"
"United States of America","1957","Constant mortality","177751.483"
"United States of America","1957","No change","177751.483"
"United States of America","1957","Momentum","177751.483"
"United States of America","1956","Medium","174705.003"
"United States of America","1956","High","174705.003"
"United States of America","1956","Low","174705.003"
"United States of America","1956","Constant fertility","174705.003"
"United States of America","1956","Instant replacement","174705.003"
"United States of America","1956","Zero migration","174705.003"
"United States of America","1956","Constant mortality","174705.003"
"United States of America","1956","No change","174705.003"
"United States of America","1956","Momentum","174705.003"
"United States of America","1955","Medium","171685.336"
"United States of America","1955","High","171685.336"
"United States of America","1955","Low","171685.336"
"United States of America","1955","Constant fertility","171685.336"
"United States of America","1955","Instant replacement","171685.336"
"United States of America","1955","Zero migration","171685.336"
"United States of America","1955","Constant mortality","171685.336"
"United States of America","1955","No change","171685.336"
"United States of America","1955","Momentum","171685.336"
"United States of America","1954","Medium","168736.387"
"United States of America","1954","High","168736.387"
"United States of America","1954","Low","168736.387"
"United States of America","1954","Constant fertility","168736.387"
"United States of America","1954","Instant replacement","168736.387"
"United States of America","1954","Zero migration","168736.387"
"United States of America","1954","Constant mortality","168736.387"
"United States of America","1954","No change","168736.387"
"United States of America","1954","Momentum","168736.387"
"United States of America","1953","Medium","165910.003"
"United States of America","1953","High","165910.003"
"United States of America","1953","Low","165910.003"
"United States of America","1953","Constant fertility","165910.003"
"United States of America","1953","Instant replacement","165910.003"
"United States of America","1953","Zero migration","165910.003"
"United States of America","1953","Constant mortality","165910.003"
"United States of America","1953","No change","165910.003"
"United States of America","1953","Momentum","165910.003"
"United States of America","1952","Medium","163266.028"
"United States of America","1952","High","163266.028"
"United States of America","1952","Low","163266.028"
"United States of America","1952","Constant fertility","163266.028"
"United States of America","1952","Instant replacement","163266.028"
"United States of America","1952","Zero migration","163266.028"
"United States of America","1952","Constant mortality","163266.028"
"United States of America","1952","No change","163266.028"
"United States of America","1952","Momentum","163266.028"
"United States of America","1951","Medium","160872.266"
"United States of America","1951","High","160872.266"
"United States of America","1951","Low","160872.266"
"United States of America","1951","Constant fertility","160872.266"
"United States of America","1951","Instant replacement","160872.266"
"United States of America","1951","Zero migration","160872.266"
"United States of America","1951","Constant mortality","160872.266"
"United States of America","1951","No change","160872.266"
"United States of America","1951","Momentum","160872.266"
"United States of America","1950","Medium","158804.395"
"United States of America","1950","High","158804.395"
"United States of America","1950","Low","158804.395"
"United States of America","1950","Constant fertility","158804.395"
"United States of America","1950","Instant replacement","158804.395"
"United States of America","1950","Zero migration","158804.395"
"United States of America","1950","Constant mortality","158804.395"
"United States of America","1950","No change","158804.395"
"United States of America","1950","Momentum","158804.395"

